repo_url,stars,forks,releases_count,tags_count,closed_issues_count,created_at,updated_at,retrieval_uuid,retrieved_at
https://github.com/certifi/python-certifi,957,279,0,61,159,2011-12-28T05:15:19Z,2026-02-13T17:34:28Z,0d3711f6-2536-44be-8221-c11ff078f249,2026-02-14T19:45:14.827440Z
https://github.com/jawah/charset_normalizer,736,62,56,56,121,2019-08-02T15:37:20Z,2026-02-08T03:55:51Z,70f1ea99-c628-42de-a004-0cd19db220a0,2026-02-14T19:45:14.928534Z
https://github.com/python-attrs/attrs,5731,415,26,37,650,2015-01-27T15:01:01Z,2026-02-11T08:47:37Z,a24957b9-11ff-4130-8ff9-1de27393af4e,2026-02-13T22:49:45.955775Z
https://github.com/tkem/cachetools,2696,184,0,61,266,2014-03-22T10:15:14Z,2026-02-14T00:48:20Z,a1f66d9f-13a3-4fa4-94b4-c71c642a9920,2026-02-14T19:45:14.872484Z
https://github.com/vega/altair,10262,836,39,48,1979,2015-09-19T03:14:04Z,2026-02-13T12:10:22Z,94b47a89-f672-46cd-a917-6c7b5a6a03f1,2026-02-14T19:45:14.918025Z
https://github.com/pallets-eco/blinker,2021,186,10,17,52,2013-07-03T10:32:39Z,2026-02-08T13:41:57Z,d9008785-74e8-4c36-9e89-3d5ebf9cc4cd,2026-02-14T19:45:14.958059Z
https://github.com/pallets/click,17205,1561,24,65,1616,2014-04-24T09:52:19Z,2026-02-13T15:18:14Z,08a407fc-81f9-4583-8bd6-1354d29f048e,2026-02-13T22:49:45.946763Z
https://github.com/tartley/colorama,3765,267,0,15,142,2014-04-17T20:18:25Z,2026-02-07T21:30:26Z,3b17f4da-804c-4efe-95f6-49a8390ed470,2026-02-13T22:49:45.930240Z
https://github.com/contourpy/contourpy,103,28,22,23,41,2021-02-19T16:06:34Z,2026-02-04T18:06:08Z,33fe4eef-1adf-43c5-9297-9efab11cd565,2026-02-14T19:45:14.898501Z
https://github.com/matplotlib/cycler,79,51,6,6,24,2015-06-20T03:46:04Z,2026-02-06T08:00:32Z,aa8c1f3f-3f42-4cbb-bd68-75db0406bbb8,2026-02-14T19:45:14.847461Z
https://github.com/plotly/dash,24475,2255,98,133,1548,2015-04-10T01:53:08Z,2026-02-14T19:01:52Z,304f9365-0b2d-4021-b091-3f27baf1875c,2026-02-14T19:45:15.055635Z
https://github.com/pallets/flask,71156,16709,37,68,2717,2010-04-06T11:11:59Z,2026-02-14T17:43:14Z,f37555b6-fe33-4b42-8594-62e2275f4525,2026-02-14T19:45:14.908517Z
https://github.com/fonttools/fonttools,5003,506,228,247,1458,2013-07-24T16:28:35Z,2026-02-13T16:45:51Z,b509d28f-1f85-4c7d-8160-9fc53b599560,2026-02-14T19:45:15.155219Z
https://github.com/gitpython-developers/gitdb,225,68,3,43,41,2010-11-30T17:36:17Z,2026-01-12T14:45:38Z,4adbefb5-6f35-49a2-bb6b-c6db090a3d59,2026-02-14T19:45:14.828939Z
https://github.com/gitpython-developers/GitPython,5066,965,17,104,897,2010-11-30T17:34:03Z,2026-02-14T15:24:48Z,d22cd2f8-f291-4d45-a2c1-63fe374c5d69,2026-02-14T19:45:14.850466Z
https://github.com/kjd/idna,274,111,5,34,98,2013-05-27T22:22:13Z,2025-12-26T07:03:18Z,7e98bd6a-12f1-48b3-b5a4-433bbde1c588,2026-02-13T22:49:45.789093Z
https://github.com/python/importlib_metadata,139,94,80,127,403,2020-10-22T20:13:11Z,2026-01-24T09:55:42Z,52791de2-68f8-4581-bf7a-7859314ffe8e,2026-02-14T19:45:15.041623Z
https://github.com/pallets/itsdangerous,3103,232,7,32,119,2011-06-24T00:09:55Z,2026-02-14T15:27:11Z,27366484-6b4d-4763-9261-df01ce0306d1,2026-02-14T19:45:14.759348Z
https://github.com/pallets/jinja,11459,1702,21,55,1003,2010-10-17T13:41:17Z,2026-02-14T17:02:33Z,879302e6-9f46-4cb7-b6a6-aaf8b9b52efd,2026-02-14T19:45:14.841952Z
https://github.com/joblib/joblib,4324,446,9,89,570,2010-05-07T06:48:26Z,2026-02-14T06:43:43Z,e486ccb5-d4e8-439e-ad85-79c89d94673e,2026-02-14T19:45:14.844959Z
https://github.com/python-jsonschema/jsonschema,4925,609,68,111,842,2011-12-30T03:37:43Z,2026-02-13T07:33:40Z,c7fc5daf-d848-4c79-a382-b2e6a37423f1,2026-02-13T22:49:46.006338Z
https://github.com/python-jsonschema/jsonschema-specifications,12,12,24,27,10,2022-12-27T19:27:49Z,2026-01-31T08:04:22Z,4a32f6c6-f378-417e-876d-c16a85f7ee1f,2026-02-13T22:49:45.957775Z
https://github.com/nucleic/kiwi,757,104,10,23,103,2013-12-04T00:21:26Z,2026-02-09T17:42:38Z,9c4deb5d-21b3-4abd-8631-046d60c1e85f,2026-02-14T19:45:14.840953Z
https://github.com/pallets/markupsafe,685,173,13,38,138,2010-06-22T17:22:58Z,2026-02-13T06:32:47Z,7da52df0-2f20-4365-a7e8-1f52a18313a5,2026-02-14T19:45:14.825439Z
https://github.com/matplotlib/matplotlib,22402,8189,97,146,10033,2011-02-19T03:17:12Z,2026-02-14T18:43:11Z,c12a07e2-5b49-4f23-ac7d-afce070c5bd7,2026-02-14T19:45:15.012598Z
https://github.com/narwhals-dev/narwhals,1525,177,201,261,748,2024-02-19T17:51:14Z,2026-02-14T16:39:51Z,4caada96-a2f3-4983-a49e-9db374eeb011,2026-02-14T19:45:15.100168Z
https://github.com/erdewit/nest_asyncio,755,87,2,15,65,2018-09-07T09:02:24Z,2026-01-30T12:28:56Z,bd0c9580-d263-4521-93d9-b3ae268dcc2e,2026-02-14T19:45:14.856969Z
https://github.com/numpy/numpy,31435,12051,139,270,11698,2010-09-13T23:02:39Z,2026-02-13T23:15:28Z,c1f27963-ccad-4597-9fbe-73a4f9bcd7fd,2026-02-13T23:30:43.381037Z
https://github.com/pypa/packaging,711,281,27,50,344,2014-05-15T22:49:43Z,2026-02-12T21:13:58Z,09026406-2e53-42b0-8450-23a7ecc0e737,2026-02-13T22:49:45.900214Z
https://github.com/pandas-dev/pandas,47875,19650,117,186,24663,2010-08-24T01:37:33Z,2026-02-13T22:35:13Z,1d34831f-56c9-4600-a8ff-27f090bc79dc,2026-02-13T23:30:42.515911Z
https://github.com/python-pillow/Pillow,13380,2404,63,97,3324,2012-07-24T21:38:39Z,2026-02-13T22:38:48Z,dcc71ef0-7fe6-4425-9d2e-83b0e401a8f2,2026-02-14T19:45:14.843954Z
https://github.com/plotly/plotly.py,18248,2775,102,165,2605,2013-11-21T05:53:08Z,2026-02-14T13:50:25Z,1dfde6ae-72ae-4c41-abd8-d677f2e2ebc1,2026-02-14T19:45:15.060642Z
https://github.com/pola-rs/polars,37408,2618,248,550,9834,2020-05-13T19:45:33Z,2026-02-14T19:37:36Z,89521583-6c5c-4702-8893-cdb94d35b120,2026-02-14T19:45:15.289427Z
https://github.com/apache/arrow,16509,4016,31,152,24037,2016-02-17T08:00:23Z,2026-02-14T17:29:17Z,6278dc3a-775e-47d6-baec-08c56d477f4a,2026-02-14T19:45:16.303051Z
https://github.com/visgl/deck.gl,13857,2192,283,673,2839,2015-12-15T08:38:29Z,2026-02-14T15:50:55Z,2200d088-8751-4c7b-94b2-b2b4cb589c5a,2026-02-14T19:45:16.517759Z
https://github.com/pyparsing/pyparsing,2458,304,53,78,341,2017-05-14T18:07:01Z,2026-02-13T05:48:27Z,fc31b50c-718f-4ccd-a6c9-dc6a3a39db94,2026-02-13T22:49:47.690064Z
https://github.com/dateutil/dateutil,2598,532,20,22,433,2014-11-19T18:56:16Z,2026-02-11T05:59:22Z,96c21a5d-1588-4321-a5ed-8e52ddfd4e79,2026-02-13T22:49:47.499676Z
https://github.com/python-jsonschema/referencing,52,22,107,124,43,2022-11-21T23:26:10Z,2026-02-12T01:04:30Z,59b174c8-c493-4f8e-9d10-e28b1da728c5,2026-02-13T22:49:47.633697Z
https://github.com/psf/requests,53736,9744,14,156,3936,2011-02-13T18:38:17Z,2026-02-14T17:42:03Z,1347470b-77bf-44d6-8889-cf904e05c2a7,2026-02-14T19:45:16.361602Z
https://github.com/groodt/retrying,90,19,2,7,9,2022-09-03T08:59:21Z,2025-12-21T10:37:08Z,a51d9558-b03e-4052-b959-439946ca3403,2026-02-14T19:45:16.302551Z
https://github.com/crate-py/rpds,62,27,68,83,48,2023-03-01T06:28:36Z,2026-02-11T11:26:42Z,847a9fe7-0ae5-4022-bc73-b3ea3ba75354,2026-02-13T22:49:47.739606Z
https://github.com/scikit-learn/scikit-learn,65021,26692,49,153,10349,2010-08-17T09:43:38Z,2026-02-14T17:48:52Z,39fda8c5-7008-41b6-afca-5c06e92ba6bf,2026-02-14T19:45:16.533777Z
https://github.com/scipy/scipy,14452,5617,108,183,9853,2011-03-09T18:52:03Z,2026-02-14T17:59:23Z,058b1844-e17b-4084-96cc-5e461192300f,2026-02-14T19:45:16.636462Z
https://github.com/pypa/setuptools,2808,1365,229,728,2208,2016-03-29T14:02:33Z,2026-02-13T12:12:19Z,82f399cc-8c4c-4202-8374-ef898c0c9f99,2026-02-13T22:49:46.304265Z
https://github.com/benjaminp/six,1018,277,0,26,190,2017-01-02T23:30:47Z,2026-02-13T05:19:13Z,993ac1a6-468f-465e-a2b9-148e6fe839c0,2026-02-13T22:49:47.627692Z
https://github.com/gitpython-developers/smmap,71,30,1,31,18,2011-06-08T12:37:12Z,2025-11-24T02:27:49Z,049b5442-a952-4c13-a023-be3e664976c2,2026-02-14T19:45:15.075149Z
https://github.com/streamlit/streamlit,43480,4088,115,2387,4616,2019-08-24T00:14:52Z,2026-02-14T14:35:15Z,a9ca5ef1-e315-4b61-94eb-2c4d99d8237d,2026-02-14T19:45:16.501752Z
https://github.com/joblib/threadpoolctl,406,34,4,12,39,2019-03-26T09:17:31Z,2026-02-13T12:08:44Z,b231d5c1-06b3-4015-bd57-fc869eb3db93,2026-02-14T19:45:16.384634Z
https://github.com/uiri/toml,1137,196,0,16,185,2013-02-24T06:07:30Z,2026-01-18T19:40:49Z,7e922ab0-5959-4fe2-8213-aa79ea6d27fe,2026-02-14T19:45:15.097662Z
https://github.com/tornadoweb/tornado,22442,5547,0,81,1683,2009-09-09T04:55:16Z,2026-02-13T12:20:41Z,34a4a32e-7843-4fb7-a4c4-f7c5ea273807,2026-02-14T19:45:15.128692Z
https://github.com/python/typing_extensions,550,134,26,55,301,2022-05-19T13:12:25Z,2026-02-09T21:15:42Z,e8dab1f8-d88f-4cd2-ae4b-7e2ef4bfc539,2026-02-13T22:49:47.718094Z
https://github.com/python/tzdata,98,28,29,40,27,2020-02-21T14:32:53Z,2026-02-06T10:53:16Z,fc957668-47b4-4f26-b785-d9c550d1b44e,2026-02-13T22:49:46.265717Z
https://github.com/urllib3/urllib3,4007,1290,57,107,1212,2011-09-18T18:08:28Z,2026-02-12T23:38:12Z,f85810d3-5e98-4a76-babf-6cd80379cff2,2026-02-14T19:45:16.517260Z
https://github.com/gorakhargosh/watchdog,7252,739,41,61,488,2010-10-23T12:00:17Z,2026-02-14T12:25:04Z,59df2e04-66fd-4753-bfed-0afbc68fce09,2026-02-14T19:45:16.471188Z
https://github.com/pallets/werkzeug,6843,1762,51,112,1238,2010-10-18T11:42:40Z,2026-02-13T18:52:42Z,7628fa91-3c59-4ba4-aa95-80b6b2030829,2026-02-14T19:45:16.453676Z
https://github.com/jaraco/zipp,67,60,37,66,84,2018-11-15T21:24:48Z,2025-10-19T18:48:59Z,3d8ec43e-6e32-459a-88cf-b73afe25071d,2026-02-14T19:45:16.600937Z
https://github.com/jd/tenacity,8368,305,10,74,175,2016-08-11T12:44:02Z,2026-02-18T23:06:24Z,3f5e0999-313a-4495-8573-279b0f8d6060,2026-02-19T02:25:00.971246Z
